{"cameraMode":{"drawMode":0,"name":"Shaded","section":"Shading Mode"},"sceneLighting":true,"audioPlay":false,"sceneViewState":{"m_AlwaysRefresh":true,"showFog":true,"showSkybox":true,"showFlares":true,"showImageEffects":true,"showParticleSystems":true,"showVisualEffectGraphs":true,"m_FxEnabled":true},"in2DMode":false,"pivot":{"x":0.015257714316248894,"y":0.002374247880652547,"z":0.05546325817704201},"rotation":{"x":-0.0016264542937278748,"y":0.7980079650878906,"z":-0.6026420593261719,"w":-0.0021539791487157346},"size":13.015069007873536,"orthographic":false}