{"cameraMode":{"drawMode":0,"name":"Shaded","section":"Shading Mode"},"sceneLighting":true,"audioPlay":false,"sceneViewState":{"m_AlwaysRefresh":false,"showFog":true,"showSkybox":true,"showFlares":true,"showImageEffects":true,"showParticleSystems":true,"showVisualEffectGraphs":true,"m_FxEnabled":true},"in2DMode":false,"pivot":{"x":52.60645294189453,"y":-125.15843200683594,"z":118.08463287353516},"rotation":{"x":-0.39703935384750368,"y":-0.1683478057384491,"z":0.07434918731451035,"w":-0.8991861939430237},"size":120.00054168701172,"orthographic":false}